{"51.03333|2.87272|r1500": {"shop_any": 37, "amenity_food": 23, "office_any": 4, "parking": 58, "fuel": 6}, "51.08324|3.44467|r1500": {"shop_any": 110, "amenity_food": 36, "office_any": 33, "parking": 81, "fuel": 3}, "50.93835|4.47551|r1500": {"shop_any": 7, "amenity_food": 4, "office_any": 0, "parking": 18, "fuel": 1}, "50.95223|4.29310|r1500": {"shop_any": 21, "amenity_food": 8, "office_any": 1, "parking": 32, "fuel": 2}, "50.91884|3.17122|r1500": {"shop_any": 11, "amenity_food": 1, "office_any": 10, "parking": 66, "fuel": 2}, "51.21718|4.27039|r1500": {"shop_any": 90, "amenity_food": 33, "office_any": 6, "parking": 63, "fuel": 1}, "50.91853|3.20038|r1500": {"shop_any": 110, "amenity_food": 63, "office_any": 30, "parking": 229, "fuel": 5}, "50.90120|3.40584|r1500": {"shop_any": 63, "amenity_food": 22, "office_any": 4, "parking": 64, "fuel": 5}, "51.20963|3.25504|r1500": {"shop_any": 94, "amenity_food": 53, "office_any": 8, "parking": 83, "fuel": 4}, "51.03475|4.51483|r1500": {"shop_any": 23, "amenity_food": 8, "office_any": 5, "parking": 36, "fuel": 2}, "51.32200|4.58636|r1500": {"shop_any": 2, "amenity_food": 3, "office_any": 0, "parking": 3, "fuel": 0}, "50.90987|4.71270|r1500": {"shop_any": 38, "amenity_food": 15, "office_any": 12, "parking": 33, "fuel": 6}, "50.82555|4.81410|r1500": {"shop_any": 2, "amenity_food": 1, "office_any": 1, "parking": 3, "fuel": 0}, "50.87013|4.54583|r1500": {"shop_any": 9, "amenity_food": 3, "office_any": 0, "parking": 17, "fuel": 0}, "50.86874|4.54483|r1500": {"shop_any": 8, "amenity_food": 4, "office_any": 0, "parking": 19, "fuel": 0}, "50.79469|4.30626|r1500": {"shop_any": 108, "amenity_food": 31, "office_any": 11, "parking": 61, "fuel": 5}, "50.92813|3.95826|r1500": {"shop_any": 58, "amenity_food": 25, "office_any": 9, "parking": 38, "fuel": 4}, "50.83811|4.00953|r1500": {"shop_any": 147, "amenity_food": 66, "office_any": 13, "parking": 52, "fuel": 2}, "51.20389|4.64729|r1500": {"shop_any": 21, "amenity_food": 9, "office_any": 6, "parking": 30, "fuel": 2}, "50.79327|4.30776|r1500": {"shop_any": 93, "amenity_food": 29, "office_any": 10, "parking": 61, "fuel": 5}, "51.21806|4.49601|r1500": {"shop_any": 31, "amenity_food": 10, "office_any": 5, "parking": 46, "fuel": 10}, "51.22396|5.42815|r1500": {"shop_any": 88, "amenity_food": 53, "office_any": 17, "parking": 116, "fuel": 3}, "50.94352|5.28472|r1500": {"shop_any": 33, "amenity_food": 16, "office_any": 0, "parking": 37, "fuel": 5}, "51.36941|4.84218|r1500": {"shop_any": 12, "amenity_food": 1, "office_any": 0, "parking": 6, "fuel": 0}, "51.20899|3.20235|r1500": {"shop_any": 366, "amenity_food": 217, "office_any": 64, "parking": 555, "fuel": 6}, "51.20877|3.26566|r1500": {"shop_any": 72, "amenity_food": 25, "office_any": 5, "parking": 45, "fuel": 4}, "50.74945|3.59509|r1500": {"shop_any": 60, "amenity_food": 34, "office_any": 1, "parking": 50, "fuel": 5}, "50.87848|4.28106|r1500": {"shop_any": 65, "amenity_food": 34, "office_any": 26, "parking": 111, "fuel": 6}, "50.93613|4.47578|r1500": {"shop_any": 7, "amenity_food": 3, "office_any": 0, "parking": 16, "fuel": 1}, "51.01722|3.66497|r1500": {"shop_any": 86, "amenity_food": 20, "office_any": 19, "parking": 14, "fuel": 2}, "50.90872|4.38627|r1500": {"shop_any": 39, "amenity_food": 19, "office_any": 37, "parking": 190, "fuel": 1}, "51.22680|2.92184|r1500": {"shop_any": 168, "amenity_food": 177, "office_any": 19, "parking": 146, "fuel": 4}, "51.17644|4.38554|r1500": {"shop_any": 126, "amenity_food": 39, "office_any": 23, "parking": 74, "fuel": 8}, "51.10619|4.36816|r1500": {"shop_any": 68, "amenity_food": 25, "office_any": 4, "parking": 66, "fuel": 3}, "50.94406|4.02187|r1500": {"shop_any": 123, "amenity_food": 112, "office_any": 8, "parking": 43, "fuel": 4}, "50.83985|3.00864|r1500": {"shop_any": 6, "amenity_food": 12, "office_any": 1, "parking": 17, "fuel": 0}, "50.93797|4.35645|r1500": {"shop_any": 68, "amenity_food": 27, "office_any": 14, "parking": 172, "fuel": 2}, "50.85043|3.36758|r1500": {"shop_any": 22, "amenity_food": 13, "office_any": 4, "parking": 60, "fuel": 6}, "51.12629|4.43302|r1500": {"shop_any": 82, "amenity_food": 27, "office_any": 14, "parking": 64, "fuel": 4}, "50.95766|5.69414|r1500": {"shop_any": 50, "amenity_food": 25, "office_any": 15, "parking": 69, "fuel": 8}, "50.97074|3.84423|r1500": {"shop_any": 36, "amenity_food": 4, "office_any": 9, "parking": 36, "fuel": 5}, "50.92324|3.94862|r1500": {"shop_any": 51, "amenity_food": 22, "office_any": 8, "parking": 24, "fuel": 4}, "50.71624|5.06317|r1500": {"shop_any": 0, "amenity_food": 1, "office_any": 0, "parking": 11, "fuel": 0}, "51.12703|4.55027|r1500": {"shop_any": 101, "amenity_food": 56, "office_any": 6, "parking": 48, "fuel": 2}, "51.14100|4.45590|r1500": {"shop_any": 106, "amenity_food": 34, "office_any": 21, "parking": 106, "fuel": 4}, "50.89617|5.40240|r1500": {"shop_any": 3, "amenity_food": 0, "office_any": 1, "parking": 13, "fuel": 1}, "50.88340|3.82757|r1500": {"shop_any": 17, "amenity_food": 10, "office_any": 2, "parking": 11, "fuel": 4}, "50.83512|5.50992|r1500": {"shop_any": 0, "amenity_food": 10, "office_any": 0, "parking": 20, "fuel": 0}, "50.96129|4.58565|r1500": {"shop_any": 62, "amenity_food": 12, "office_any": 1, "parking": 27, "fuel": 7}, "50.72690|4.25895|r1500": {"shop_any": 56, "amenity_food": 21, "office_any": 24, "parking": 77, "fuel": 1}, "51.05169|4.73160|r1500": {"shop_any": 19, "amenity_food": 8, "office_any": 40, "parking": 18, "fuel": 2}, "50.98910|3.58749|r1500": {"shop_any": 21, "amenity_food": 7, "office_any": 1, "parking": 3, "fuel": 2}, "50.93870|5.31830|r1500": {"shop_any": 111, "amenity_food": 62, "office_any": 20, "parking": 90, "fuel": 7}, "51.14951|4.12708|r1500": {"shop_any": 13, "amenity_food": 3, "office_any": 2, "parking": 15, "fuel": 2}, "51.19844|3.23038|r1500": {"shop_any": 401, "amenity_food": 422, "office_any": 41, "parking": 251, "fuel": 6}, "50.95202|4.99812|r1500": {"shop_any": 3, "amenity_food": 5, "office_any": 0, "parking": 12, "fuel": 2}, "50.84118|4.49586|r1500": {"shop_any": 25, "amenity_food": 15, "office_any": 2, "parking": 43, "fuel": 2}, "51.04756|3.70669|r1500": {"shop_any": 662, "amenity_food": 513, "office_any": 121, "parking": 236, "fuel": 3}, "50.84828|4.47160|r1500": {"shop_any": 204, "amenity_food": 67, "office_any": 31, "parking": 342, "fuel": 4}, "50.90327|4.34688|r1500": {"shop_any": 206, "amenity_food": 93, "office_any": 38, "parking": 382, "fuel": 6}, "51.32006|3.29838|r1500": {"shop_any": 19, "amenity_food": 3, "office_any": 3, "parking": 14, "fuel": 2}, "50.87485|3.83759|r1500": {"shop_any": 19, "amenity_food": 5, "office_any": 2, "parking": 12, "fuel": 4}, "51.18076|4.38910|r1500": {"shop_any": 151, "amenity_food": 40, "office_any": 24, "parking": 82, "fuel": 9}, "51.22734|5.43165|r1500": {"shop_any": 71, "amenity_food": 39, "office_any": 15, "parking": 102, "fuel": 3}, "50.88697|4.74097|r1500": {"shop_any": 46, "amenity_food": 37, "office_any": 14, "parking": 145, "fuel": 0}, "51.24238|4.96739|r1500": {"shop_any": 49, "amenity_food": 28, "office_any": 12, "parking": 77, "fuel": 2}, "51.03333|2.87272|r500": {"shop_any": 16, "amenity_food": 2, "office_any": 1, "parking": 24, "fuel": 2}, "51.08324|3.44467|r500": {"shop_any": 42, "amenity_food": 22, "office_any": 15, "parking": 39, "fuel": 1}, "50.93835|4.47551|r500": {"shop_any": 0, "amenity_food": 0, "office_any": 0, "parking": 3, "fuel": 0}, "50.95223|4.29310|r500": {"shop_any": 2, "amenity_food": 0, "office_any": 0, "parking": 0, "fuel": 2}, "50.91884|3.17122|r500": {"shop_any": 0, "amenity_food": 0, "office_any": 0, "parking": 14, "fuel": 0}, "51.21718|4.27039|r500": {"shop_any": 25, "amenity_food": 2, "office_any": 0, "parking": 8, "fuel": 1}, "50.91853|3.20038|r500": {"shop_any": 34, "amenity_food": 5, "office_any": 0, "parking": 47, "fuel": 1}, "50.90120|3.40584|r500": {"shop_any": 30, "amenity_food": 11, "office_any": 3, "parking": 21, "fuel": 4}, "51.20963|3.25504|r500": {"shop_any": 30, "amenity_food": 3,